brand,product_name,product_type,country_of_origin,price,category,quantity,unit,retinoids,ingredients
Elizabeth Arden,Elizabeth Arden Visible Difference Refining Moisture Cream (75Ml),Moisturiser,United States,37.5,Affordable,75.0,ml,Retinyl Palmitate,"['Glycerin', 'Squalene', 'Cetearyl Alcohol', 'Polysorbate 60', 'Isopropyl Myristate', 'Cera Alba', 'Olea Europaea Fruit Oil', 'Retinyl Palmitate', 'Allantoin', 'Panthenol', 'Laureth-7', 'C13-14 Isoparaffin', 'Polyacrylamide', 'Sodium Hydroxide', 'Disodium Edta', 'Parfum', 'Benzyl Benzoate', 'Geraniol', 'Hexyl Cinnamal', 'Hydroxycitronellal', 'Limonene', 'Linalool', 'Methylisothiazolinone', 'Methylparaben']"
L'Oréal Paris,L'Oréal Paris Dermo Expertise Triple Active Hydrating Night Moisturiser (50Ml),Moisturiser,France,9.36,Affordable,50.0,ml,Retinyl Palmitate,"['Hydrogenated Polyisobutene', 'Dimethicon', 'Glycerin', 'Paraffinum Liquidum', 'Cetyl Alcohol', 'Peg-100 Stearate', 'Glyceryl Stearate', 'Oryza Sativa Bran', 'Zea Mays Oil', 'Hydroxyethylpiperazine Ethane Sulfonic Acid', 'Microcrystalline Wax', 'Paraffin', 'Sesamium Indicum Seed Oil', 'Sorbitan Tristearate', 'Isohexadecane', 'Bifida Ferment Lysate', 'Ascorbyl Glucoside', 'Hydroxypalmitoyl Sphinganine', 'Citric Acid', 'Triticum Vulgare Bran Extract', 'Panthenol', 'Polysorbate 80', 'Acrylamide/Sodium', 'Retinyl Palmitate', 'Pentaerythrityl Tetra-Di-T-Butyl Hydroxyhydrocinnamate', 'Sodium Benzoate', 'Phenoxyethanol', 'Chlorhexidine Digluconate', 'Ci 14700', 'Alpha-Isomethyl Ionone', 'Limonene', 'Hydroxyisohexyl 3-Cyclohexene', 'Butylphenyl Methylpropional', 'Benzyl Alcohol', 'Benzyl Benzoate', 'Benzyl Salicylate', 'Parfum']"
Murad,Murad Hydro-Dynamic™ Ultimate Moisture (50Ml),Moisturiser,United States,75.0,Luxury,50.0,ml,Retinyl Palmitate,"['C12-15', 'Capric Triglyceride', 'Glycerin', 'Helianthus Annuus Seed Oil', 'Butylene Glycol', 'Glyceryl Stearate', 'Glyceryl Behenate/Eicosadioate', 'Dicaprylyl Carbonate', 'Butyrospermum Parkii', 'Cetearyl Alcohol', 'Myristyl Myristate', 'Cetyl Alcohol', 'Ethoxydiglycol', 'Phenyl Trimethicone', 'Stearic Acid', 'Avena Sativa Kernel Extract', 'Faex Extract', 'Algae Extract', 'Glycine Soja Extract', 'Zea Mays Starch', 'Olea Europaea Fruit Oil', 'Persea Gratissima Oil', 'Sodium Hyaluronate', 'Dipotassium Glycyrrhizate', 'Tetrahexyldecyl Ascorbate', 'Tocopheryl Acetate', 'Linoleic Acid', 'Phospholipid', 'Polysorbate 60', 'Acrylamide/Sodium', 'Isohexadecane', 'Glyceryl Polymethacrylate', 'Panthenol', 'Simmondsia Chinensis Leaf Extract', 'Potassium Jojobate', 'Polysorbate 80', 'Urea', 'Glucosamine Hcl', 'Peg-8', 'Bisabolol', 'Sorbitan Oleate', 'Cetearyl Methicone', 'Dimethicon', 'Palmitoyl Oligopeptide', 'Retinyl Palmitate', 'Allantoin', 'Xanthan Gum', 'Disodium Edta', 'Bht', 'Ethylhexyl Glycerin', 'Chlorphenesin', 'Phenoxyethanol']"
The Inkey List,The Inkey List Bakuchiol Moisturiser 30Ml,Moisturiser,United Kingdom,12.49,Affordable,30.0,ml,Bakuchiol,"['Squalene', 'Glycerin', 'Propanediol', 'Plukenetia Volubilis Oil', 'Dicaprylyl Carbonate', 'Bakuchiol', 'Phenoxyethanol', 'Sodium Caproyl Prolinate', 'Hydroxyethyl Acrylate/Sodium Acryloyldimethyl Taurate', 'Carbomer', 'Sodium Hydroxide', 'Ethylhexyl Glycerin', 'Sodium Stearoyl Glutamate', 'Polysorbate 60', 'Phytic Acid', 'Glyceryl Polyacrylate', 'Sorbitan Isostearate', 'Tocopherol']"
Murad,Murad Oil And Pore Control Mattifier Spf45 Pa 50Ml,Moisturiser,United States,43.75,Affordable,50.0,ml,Retinyl Palmitate,"['Homosalate', 'Tapioca Starch', 'Polysilicone-11', 'Ethylhexyl Salicylate', 'Octocrylene', 'Methyl Methacrylate Crosspolymer', 'Butyl Methoxydibenzoylmethane', 'Propanediol', 'Butylene Glycol', 'Coconut Alkanes', 'Cetearyl Alcohol', 'C20-22', 'Enantia Chlorantha Bark Extract', 'Butyl Avocadate', 'Retinyl Palmitate', 'Tocopheryl Acetate', 'Ascorbyl Palmitate', 'Sodium Hyaluronate', 'Allantoin', 'Zinc Gluconate', 'Glycerin', 'Oleanolic Acid', 'Urea', 'Yeast Amino Acids', 'Trehalose', 'Inositol', 'Taurine', 'Betaine', 'Coco-Caprylate', 'Hydrogenated Lecithin', 'Coco-Glucoside', 'C20-22', 'Laureth-12', 'Polyacrylate Crosspolymer-6', 'Sodium Hydroxide', 'Disodium Edta', 'Ethylhexyl Glycerin', 'Phenoxyethanol', 'Parfum', 'Limonene', 'Linalool', 'Citral']"
Pixi,Pixi Overnight Glow Serum,Serum,United Kingdom,32.5,Affordable,0.0,0,Retinyl Palmitate,"['Glycerin', 'Glycolic Acid', 'Polysorbate-20', 'Hydroxyethyl Cellulose', 'Ammonium Hydroxide', 'Phenoxyethanol', 'Propylene Glycol', 'Ethylhexyl Glycerin', 'Aloe Barbadenis Extract', 'Cucumis Sativus Extract', 'Arganine', 'Disodium Edta', 'Tocopheryl Acetate', 'Retinyl Palmitate', 'Ascorbyl Palmitate', 'Lecithin', 'Sucrose', 'Hydrogenated Lecithin', 'Capric Triglyceride', 'Cyclopentasiloxane', 'Bht', 'Cyclohexasiloxane', 'Xanthan Gum', 'Ascorbic Acid']"
Medik8,Medik8 Crystal Retinal 6,Serum,United Kingdom,73.75,Luxury,0.0,0,Retinal,"['Capric Triglyceride', 'Glycerin', 'Isododecane', 'Cyclodextrin', 'Cetearyl Alcohol', 'Cetearyl Olivate', 'Sodium Acrylate/Sodium Acryloyldimethyl Taurate Copolymer', 'Sorbitan Olivate', 'Tocopheryl Acetate', 'Squalene', 'Sodium Hyaluronate', 'Retinal', 'Ethyl Ascorbic Acid', 'Daucus Carota Sativa Extract', 'Hydroxyethyl Acrylate/Sodium Acryloyldimethyl Taurate', 'Ethylhexyl Glycerin', 'Pentylene Glycol', 'Vanilla Planifolia Extract', 'Hydroxypropyl Methylcellulose', 'Rubus Chamaemorus Extract', 'Sodium Polyaspartate', 'Tetrahexyldecyl Ascorbate', 'Dipteryx Odorata Bean Extract', 'Bht', 'Polyhydroxystearic Acid', 'Disodium Edta', 'Titanium Dioxide', 'Phenoxyethanol', 'Alumina', 'Lonicera Caprifolium (Melsuckle) Flower Extract', 'Isostearic Acid', 'Lecithin', 'Lonicera Japonica (Melsuckle) Flower Extract', 'Polyglyceryl-3 Polyricinoleate', 'Stearic Acid', 'Coumarin', 'Ci 14700']"
Pixi,Pixi Collagen And Retinol Serum 30Ml,Serum,United Kingdom,32.5,Affordable,30.0,ml,Retinol,"['Glycerin', 'Acacia Seyal Gum Extract', 'Retinol', 'Methyl Methacrylate/Glycol Dimethacrylate Crosspolymer', 'Acetyl Heptapeptide-4', 'Niacinamide', 'Rosmarinus Officinalis Extract', 'Anthemis Nobilis Flower Water', 'Ascorbic Acid', 'Tocopheryl Acetate', 'Citric Acid', 'Carbomer', 'Potassium Sorbate', 'Hydroxyethyl Cellulose', 'Caprylyl Glycol', 'Disodium Edta', 'Propyl Gallate', 'Bht']"
Elizabeth Arden,Elizabeth Arden Ceramide Capsules Advanced (90 Capsules),Serum,United States,105.0,Luxury,0.0,0,Retinyl Palmitate,"['Isononyl Isononanoate', 'Isodecyl Neopentanoate', 'Isododecane', 'Isopropyl Myristate', 'Dimethicon', 'Camellia Japonica Extract', 'Divinyldimethicon/Dimethicon Copolymer', 'Capric Triglyceride', 'Cyclopentasiloxane', 'Ceramide 1', 'Ceramide 3', 'Ceramide 6 Ii', 'Cholesterol', 'Cocos Nucifera Fruit Extract', 'Crithmum Maritimum Extract', 'Dimethiconol', 'Lecithin', 'Linoleic Acid', 'Linolenic Acid', 'Medicago Sativa Extract', 'Phytosphingosine', 'Retinyl Palmitate', 'Squalene', 'Tocopherol']"
Elizabeth Arden,Elizabeth Arden Retinol Ceramide Capsules Line Erasing Night Serum - 30 Pieces (Sleeved Version),Serum,United States,52.5,Luxury,0.0,0,Retinol,"['Cyclopentasiloxane', 'Dimethicon Crosspolymer', 'C12-15', 'Bht', 'C18-36', 'Camellia Sinensis Extract', 'Ceramide Np', 'Ceamide Ns', 'Cyclohexasiloxane', 'Dimethiconol', 'Ethylhexyl Cocoate', 'Helianthus Annuus Seed Oil', 'Laurylmethacrylate/Glycol Dimethacrylate Crosspolymer', 'Lecithin', 'Olea Europaea Fruit Oil', 'Palmitoyl Tetrapeptide-7', 'Palmitoyl Tripeptide-1', 'Persea Gratissima Oil', 'Phytosphingosine', 'Phytosteryl', 'Polysorbate-20', 'Propylene Glycol Dicaprylate', 'Retinol', 'Sorbitan Laurate', 'Tetrahydrodiferuloylmethane', 'Phenoxyethanol']"
Tan-Luxe,Tan-Luxe Super Glow Body Hyaluronic Self-Tan Serum 150Ml,Serum,United Kingdom,43.75,Affordable,150.0,ml,Retinyl Acetate,"['Glycerin', 'Dihydroxyacetone', 'Hydrolyzed Soybean Fiber', 'Sodium Hyaluronate', 'Beta Vulgaris Root Extract', 'Brassica Oleracea Acephala Leaf Extract ', 'Sodium Hyaluronate', 'Rubus Idaeus Extract', 'Cocos Nucifera Fruit Extract', 'Persea Gratissima Oil', 'Salvia Hispanica Herb Extract', 'Vaccinium Myrtillus Extract', 'Theobroma Cacao Extract', 'Aloe Barbadenis Extract', 'Caffeinee', 'Palmitoyl Carnitine', 'Tocopheryl Acetate', 'Ascorbic Acid', 'Retinyl Acetate', 'Erythrulose', 'Cyclopentasiloxane', 'Polyacrylamide', 'C13-14 Isoparaffin', 'Glyceryl Acrylate/Acrylic Acid Copolymer', 'Dimethicon Crosspolymer', 'Dimethicon', 'Pvm/Ma', 'Laureth-7', 'Laureth-23', 'Laureth-4', 'Butylene Glycol', 'Ethylhexyl Glycerin', 'Parfum', 'Limonene', 'Geraniol', 'Hexyl Cinnamal', 'Benzyl Salicylate', 'Sodium Metabisulfite', 'Citric Acid', 'Tetrasodium Edta', 'Phenoxyethanol', 'Sclerotium Gum', 'Lecithin', 'Xanthan Gum', 'Triethylene Glycol', 'Potassium Sorbate', 'Ci 17200 (D&C Red No33)']"
Elizabeth Arden,Elizabeth Arden Retinol Ceramide Capsules Line Erasing Night Serum - 60 Pieces (Sleeved Version),Serum,United States,90.0,Luxury,0.0,0,Retinol,"['Cyclopentasiloxane', 'Dimethicon Crosspolymer', 'C12-15', 'Bht', 'C18-36', 'Camellia Sinensis Extract', 'Ceramide Np', 'Ceamide Ns', 'Cyclohexasiloxane', 'Dimethiconol', 'Ethylhexyl Cocoate', 'Helianthus Annuus Seed Oil', 'Laurylmethacrylate/Glycol Dimethacrylate Crosspolymer', 'Lecithin', 'Olea Europaea Fruit Oil', 'Palmitoyl Tetrapeptide-7', 'Palmitoyl Tripeptide-1', 'Persea Gratissima Oil', 'Phytosphingosine', 'Phytosteryl', 'Polysorbate-20', 'Propylene Glycol Dicaprylate', 'Retinol', 'Sorbitan Laurate', 'Tetrahydrodiferuloylmethane', 'Phenoxyethanol']"
Pixi,Pixi Glow Tonic Serum 30Ml,Serum,United Kingdom,32.5,Affordable,30.0,ml,Retinyl Palmitate,"['Glycerin', 'Glycolic Acid', 'Polysorbate-20', 'Ammonium Hydroxide', 'Hydroxyethyl Cellulose', 'Phenoxyethanol', 'Ethylhexyl Glycerin', 'Arganine', 'Cucumis Sativus Extract', 'Aloe Barbadenis Extract', 'Panax Ginseng Root Extract', 'Parfum', 'Tocopheryl Acetate', 'Ascorbic Acid', 'Ascorbyl Palmitate', 'Retinyl Palmitate', 'Triethanolamine', 'Cyclohexasiloxane', 'Hydrogenated Lecithin', 'Lecithin', 'Cyclopentasiloxane', 'Capric Triglyceride', 'Sucrose', 'Xanthan Gum', 'Bht', 'Disodium Edta']"
Elizabeth Arden,Elizabeth Arden Advanced Ceramide Capsules Daily Youth Restoring Eye Serum (60 Pack),Serum,United States,65.0,Luxury,0.0,0,Retinyl Palmitate,"['Cyclopentasiloxane', 'Isononyl', 'Isononanoate', 'Isododecane', 'Isopropyl Myristate', 'Isopropyl Palmitate', 'Capric Triglyceride', 'Camellia Japonica Extract', 'Dimethicon', 'Ceramide 1', 'Ceramide 3', 'Ceramide 6 Ii', 'Cholesterol', 'Cocos Nucifera Fruit Extract', 'Crithmum Maritimum Extract', 'Dimethiconol', 'Dimethyl Isosorbide', 'Humulus Lupulus Extract', 'Lecithin', 'Medicago Sativa Extract', 'Neoruscogenin', 'Palmitoyl Hexapeptide-14', 'Phytosphingosine', 'Polysilicone-11', 'Retinyl Palmitate', 'Ruscogenin', 'Squalene', 'Tocopherol']"
Nip+Fab,Nip+Fab Retinol Fix Serum Extreme 50Ml,Serum,United Kingdom,37.44,Affordable,50.0,ml,Retinyl Palmitate,"['Glycerin', 'Ammonium Acryloyldimethyltaurate/Vp', 'Dimethicon', 'Castor Oil', 'Phenoxyethanol', 'Butylene Glycol', 'Bisabolol', 'Benzyl Alcohol', 'Retinyl Palmitate', 'Parfum', 'Disodium Edta', 'Ethylhexyl Glycerin', 'Dehydroacetic Acid', 'Carbomer', 'Sodium Lactate', 'Benzyl Salicylate', 'Sodium Hydroxide', 'Polysorbate-20', 'Hexyl Cinnamal', 'Tocopherol', 'Linalool', 'Limonene', 'Aloe Barbadenis Extract', 'Palmitoyl Tripeptide-1', 'Palmitoyl Tetrapeptide-7']"
Peter Thomas Roth,Peter Thomas Roth Retinol Fusion Pm 30Ml,Serum,United States,69.38,Luxury,30.0,ml,Retinol,"['Cyclopentasiloxane', 'Squalene', 'Retinol', 'Tocopheryl Acetate', 'Ascorbyl Palmitate', 'Bisabolol', 'Lecithin', 'Potassium Phosphate', 'Pentylene Glycol', 'Polysorbate-20', 'Alcohol']"
Oskia,Oskia Super 16 Serum (30Ml),Serum,United Kingdom,112.5,Luxury,30.0,ml,Bakuchiol,"['Helianthus Annuus Seed Oil', 'Glycerin', 'Capric Triglyceride', 'Bakuchiol', 'Butylene Glycol', 'Dimethyl Sulfone', 'Boerhavia Diffusa Root Extract', 'Lupinus Albus Seed Extract', 'Chondrus Crispus Extract', 'Crithmum Maritimum Extract', 'Crithmum Maritimum Extract', 'Malus Domestica Fruit Extract', 'Sodium Hyaluronate', 'Opuntia Ficus-Indica Stem Extract', 'Retinyl Palmitate', 'Rosa Damascena', 'Disodium Edta', 'Glucose', 'Glyceryl Linoleate', 'Glyceryl Linolenate', 'Inulin Lauryl Carbamate', 'Lecithin', 'Sodium Ascorbyl Phosphate', 'Sodium Lactate', 'Sodium Pca', 'Sorbitol', 'Tocopherol', 'Tocopheryl Acetate', 'Xanthan Gum', 'Caprylyl Glycol', 'Ethylhexyl Glycerin', 'Phenyl Ethyl Alcohol', 'Phenoxyethanol', 'Citronellol', 'Geraniol', 'Linalool']"
Oskia,Oskia Super 16 Serum (30Ml),Serum,United Kingdom,112.5,Luxury,30.0,ml,Retinyl Palmitate,"['Helianthus Annuus Seed Oil', 'Glycerin', 'Capric Triglyceride', 'Bakuchiol', 'Butylene Glycol', 'Dimethyl Sulfone', 'Boerhavia Diffusa Root Extract', 'Lupinus Albus Seed Extract', 'Chondrus Crispus Extract', 'Crithmum Maritimum Extract', 'Crithmum Maritimum Extract', 'Malus Domestica Fruit Extract', 'Sodium Hyaluronate', 'Opuntia Ficus-Indica Stem Extract', 'Retinyl Palmitate', 'Rosa Damascena', 'Disodium Edta', 'Glucose', 'Glyceryl Linoleate', 'Glyceryl Linolenate', 'Inulin Lauryl Carbamate', 'Lecithin', 'Sodium Ascorbyl Phosphate', 'Sodium Lactate', 'Sodium Pca', 'Sorbitol', 'Tocopherol', 'Tocopheryl Acetate', 'Xanthan Gum', 'Caprylyl Glycol', 'Ethylhexyl Glycerin', 'Phenyl Ethyl Alcohol', 'Phenoxyethanol', 'Citronellol', 'Geraniol', 'Linalool']"
Murad,Murad Retinol Youth Renewal Serum Travel Size,Serum,United States,31.25,Affordable,0.0,0,Retinol,"['Cyclopentasiloxane', 'Isopropyl Palmitate', 'C14-22', 'Polymethylsilsesquioxane', 'Dimethicon', 'Propanediol', 'Glyceryl Stearate', 'Peg-100 Stearate', 'Shea Butter Ethyl Esters', 'Retinol', 'Hydroxypinacolone Retinoate', 'Ceramide Np', 'Sodium Hyaluronate', 'Solanum Lycopersicum', 'Swertia Chirata Extract', 'Squalene', 'Punica Granatum Seed Oil', 'Tocopheryl Acetate', 'Glycine Soja Extract', 'Urea', 'Yeast Amino Acids', 'Trehalose', 'Inositol', 'Taurine', 'Betaine', 'Glycerin', 'Capric Triglyceride', 'Dimethyl Isosorbide', 'Silica', 'Ethylhexyl Palmitate', 'Silica Dimethyl Silylate', 'Butylene Glycol', 'Lecithin', 'Ammonium Acryloyldimethyltaurate/Vp', 'C12-20', 'Cetyl Palmitate', 'Laureth-23', 'Polysorbate-20', 'Trideceth-6', 'Synthetic Fluorphlogopite', 'Phenoxyethanol', 'Ethylhexyl Glycerin', 'Chlorphenesin', 'Disodium Edta', 'Sodium Hydroxide', 'Tris (Tetramethylhydroxypiperidinol) Citrate', 'Sodium Benzotriazolyl Butylphenol Sulfonate', 'Titanium Dioxide', 'Ci 14700', 'Alpha-Isomethyl Ionone', 'Citronellol', 'Parfum']"
Murad,Murad Retinol Youth Renewal Serum Travel Size,Serum,United States,31.25,Affordable,0.0,0,Hydroxypinacolone Retinoate,"['Cyclopentasiloxane', 'Isopropyl Palmitate', 'C14-22', 'Polymethylsilsesquioxane', 'Dimethicon', 'Propanediol', 'Glyceryl Stearate', 'Peg-100 Stearate', 'Shea Butter Ethyl Esters', 'Retinol', 'Hydroxypinacolone Retinoate', 'Ceramide Np', 'Sodium Hyaluronate', 'Solanum Lycopersicum', 'Swertia Chirata Extract', 'Squalene', 'Punica Granatum Seed Oil', 'Tocopheryl Acetate', 'Glycine Soja Extract', 'Urea', 'Yeast Amino Acids', 'Trehalose', 'Inositol', 'Taurine', 'Betaine', 'Glycerin', 'Capric Triglyceride', 'Dimethyl Isosorbide', 'Silica', 'Ethylhexyl Palmitate', 'Silica Dimethyl Silylate', 'Butylene Glycol', 'Lecithin', 'Ammonium Acryloyldimethyltaurate/Vp', 'C12-20', 'Cetyl Palmitate', 'Laureth-23', 'Polysorbate-20', 'Trideceth-6', 'Synthetic Fluorphlogopite', 'Phenoxyethanol', 'Ethylhexyl Glycerin', 'Chlorphenesin', 'Disodium Edta', 'Sodium Hydroxide', 'Tris (Tetramethylhydroxypiperidinol) Citrate', 'Sodium Benzotriazolyl Butylphenol Sulfonate', 'Titanium Dioxide', 'Ci 14700', 'Alpha-Isomethyl Ionone', 'Citronellol', 'Parfum']"
Dermalogica,Dermalogica Multivitamin Power Serum (22Ml),Serum,United States,71.44,Luxury,22.0,ml,Retinyl Palmitate,"['Cyclopentasiloxane', 'Helianthus Annuus Seed Oil', 'Tricaprylin', 'Tribehenin', 'Ascorbyl Glucoside', 'Glyceryl Dibehenate', 'Boron Nitride', 'Nylon 12', 'Silica', 'Magnesium Ascorbyl Phosphate', 'Palmitoyl Hexapeptide-14', 'Hydrogenated Phosphatidyl Choline', 'Citrus Grandis', 'Citrus Aurantium Dulcis', 'Hydrogenated Soybean Oil', 'Cera Alba', 'Tocopherol', 'Retinyl Palmitate', 'Linoleic Acid', 'Beta-Sitosterol', 'Stearoxymethicone/Dimethicon Copolymer', 'Hydroxypinacolone Retinoate', 'Dimethyl Isosorbide', 'Dimethicon', 'Polysilicone-11', 'Glyceryl Stearate', 'Tocopheryl Acetate', 'Glycerin', 'Capric Triglyceride', 'Lechtin', 'Butylene Glycol', 'Ethoxydiglycol', 'Limonene']"
Dermalogica,Dermalogica Multivitamin Power Serum (22Ml),Serum,United States,71.44,Luxury,22.0,ml,Hydroxypinacolone Retinoate,"['Cyclopentasiloxane', 'Helianthus Annuus Seed Oil', 'Tricaprylin', 'Tribehenin', 'Ascorbyl Glucoside', 'Glyceryl Dibehenate', 'Boron Nitride', 'Nylon 12', 'Silica', 'Magnesium Ascorbyl Phosphate', 'Palmitoyl Hexapeptide-14', 'Hydrogenated Phosphatidyl Choline', 'Citrus Grandis', 'Citrus Aurantium Dulcis', 'Hydrogenated Soybean Oil', 'Cera Alba', 'Tocopherol', 'Retinyl Palmitate', 'Linoleic Acid', 'Beta-Sitosterol', 'Stearoxymethicone/Dimethicon Copolymer', 'Hydroxypinacolone Retinoate', 'Dimethyl Isosorbide', 'Dimethicon', 'Polysilicone-11', 'Glyceryl Stearate', 'Tocopheryl Acetate', 'Glycerin', 'Capric Triglyceride', 'Lechtin', 'Butylene Glycol', 'Ethoxydiglycol', 'Limonene']"
Zelens,Zelens Youth Concentrate Supreme Age-Defying Serum (30Ml),Serum,United Kingdom,200.0,Luxury,30.0,ml,Retinol,"['Capric Triglyceride', 'Hydrogenated Polydecene', 'Methylsilanol Mannuronate', 'Phytosteryl Canola Glycerides', 'Ethylhesyldodecanol', 'Glycerin', 'Methylepropanediol', 'Phenoxyethanol', 'Cetearyl Alcohol', 'Glyceryl Stearate', 'Peg-100 Stearate', 'Cetearyl Glucoside', 'Glycine Soja Extract', 'Parfum', 'Sodium Hyaluronate', 'Ammonium Acryloyldimethyltaurate/Vp', 'Tocopherol', 'Ethylhexyl Glycerin', 'Disodium Edta', 'Triethanolamine', 'Teprenone', 'Xanthan Gum', 'Carbomer', 'Retinol', 'Geranylgeranylisopropanol', 'Sodium Hyaluronate', 'Silanetriol', 'Citric Acid', 'Hydrolyzed Soy Protein', 'Sorbic Acid', 'Palmitoyl Dipeptide-5 Diaminobutyroyl Hydroxythreonine', 'Palmitoyl Tripeptide-5', 'Tetradecyl Aminobutyroylvalylaminobutyric Urea Trifluoroacetate', 'Magnesium Chloride', 'L-Glutamylamideothyl Imidazole', 'Linalool', 'Gryceryl Caprylate', 'Hydrolyzed Yeast Protein', 'Sodium Benzoate']"
Elizabeth Arden,Elizabeth Arden Prevage Advanced Daily Serum,Serum,United States,225.0,Luxury,0.0,0,Retinyl Linoleate,"['Cyclopentasiloxane', 'Butylene Glycol', 'Pentylene Glycol', 'Dimethicon', 'Methyl Trimethicone', 'Isododecane', 'Dipropylene Glycol', 'Glycerin', 'Peg-75', 'Polysilicone-11', 'Panthenyl Triacetate', 'Caprylyl Methicone', 'Propylene Glycol', 'Hydroxydecyl Ubiquinoyl Dipalmitoyl Glycerate', 'Glycereth-26', 'Dimethicon', 'Ergothioneine', 'Chondrus Crispus Extract', 'Sodium Hyaluronate', 'Retinyl Linoleate', 'Tocopheryl Acetate', 'Glycine Soja Extract', 'Caprylyl Glycol', 'Coco-Caprylate', 'Isohexadecane', 'Ppg-2 Isoceteth-20 Acetate', 'Urea', 'Acetyl Farnesylcysteine', 'Hydrogenated Lecithin', 'Lecithin', 'Lysophosphatidic Acid', 'Naringenin', 'Methylsilanol Hydroxyproline Aspartate', 'Palmitoyl Hexapeptide-19', 'Quercus Suber Bark Extract', 'Caprooyl Tetrapeptide-3', 'Oligopeptide-68', 'Acrylamide/Sodium', 'Ammonium Acryloyldimethyltaurate/Vp', 'Decyl Glucoside', 'Lysolecithin', 'Polysorbate-20', 'Polysorbate 80', 'Sodium Oleate', 'Polyimide-1', 'Dextran', 'Hexylene Glycol', 'Disodium Edta', 'Salicylic Acid', 'Ci 77019', 'Ci 77861', 'Aminopropyl Dimethicon', 'Parfum', 'Alpha-Isomethyl Ionone', 'Linalool', 'Benzophenone-4', 'Ethylparaben', 'Methylparaben', 'Phenoxyethanol', 'Potassium Sorbate', 'Propylparaben', 'Sodium Dehydroacetate', 'Sodium Methylparaben', 'Ci 14700', 'Titanium Dioxide', 'Ci 19140']"
Sarah Chapman,Sarah Chapman Skinesis Supersize Overnight Facial Oil 30Ml,Oil,United Kingdom,105.0,Luxury,30.0,ml,Retinyl Palmitate,"['Simmondsia Chinensis Leaf Extract', 'Cetearyl Ethylhexanoate', 'Cyclopentasiloxane', 'Cyclohexasiloxane', 'Di-Ppg-2 Myreth-10 Adipate', 'Capric Triglyceride', 'Tetrahexyldecyl Ascorbate', 'Ethylene/Propylene/Styrene Copolymer', 'Peg-4', 'Phenyl Trimethicone', 'Limnanthes Alba Seed Oil', 'Crambe Abyssinica Seed Oil', 'C12-15', 'Cannabis Sativa Extract', 'Butylene/Ethylene/Styrene Copolymer', 'Tocopheryl Linoleate/Oleate', 'Tocopheryl Acetate', 'Hydroxycinnamic Acid', 'Ubiquinone', 'Tribehenin', 'Teprenone', 'Retinyl Palmitate', 'Ceramide 2', 'Peg-10 Phytosterol', 'Thioctic Acid', 'Palmitoyl Hexapeptide-12', 'Adansonia Digitata Seed Oil', 'Cedrus Atlantica Bark Oil', 'Parfum', 'Jasminum Officinale Extract', 'Santalum Spicata Wood Oil', 'Citrus Grandis', 'Pelargonium Graveolens Extract', 'Cananga Odorata Flower Oil', 'Rosa Damascena', 'Dalbergia Sissoo Wood Oil', 'Anthemis Nobilis Flower Water', 'Lavandula Angustifolia', 'Citrus Aurantium Bergamia', 'Linalool', 'Limonene', 'Benzyl Benzoate', 'Citronellol', 'Geraniol', 'Farnesol', 'Benzyl Cinnamate', 'Benzyl Salicylate', 'Eugenol', 'Benzyl Alcohol', 'Citral', 'Hydroxycitronellal']"
Ren ,Ren Clean Skincare Bio Retinoid Anti-Wrinkle Concentrate Oil,Oil,United Kingdom,58.75,Luxury,0.0,0,Bakuchiol,"['Rosa Canina Flower Oil', 'Glycine Soja Extract', 'Gossypium Herbaceum Extract', 'Bidens Pilosa Extract', 'Bakuchiol', 'Hippophae Rhamnoides Extract', 'Parfum', 'Linum Usitatissimum Flower Extract', 'Tocopherol', 'Linalool']"
Benefit,Benefit Dr Feelgood Velvety Complexion Balm,Balm,United States,36.25,Affordable,0.0,0,Retinyl Palmitate,"['Corn Starch Modified', 'Diethylene Glycol Diethylhexanoate', 'Neopentyl Glycol Dicaprylate', 'Isostearyl Neopentanoate', 'Silica', 'Polyethylene', 'Tridecyl Trimellitate', 'Ethylhexyl Isononanoate', 'Copernicia Cerifera Wax', 'Diethylene Glycol Diisononanoate', 'Tocopherol', 'Parfum', 'Retinyl Palmitate', 'Benzyl Salicylate', 'Linalool', 'Ascorbyl Palmitate', 'Citronellol', 'Geraniol', 'Amyl Cinnamal', 'Limonene', 'Tocopherol', 'Bht', '']"
Dermalogica,Dermalogica Age Smart Multivitamin Power Recovery Masque 75Ml,Mask,United States,55.69,Luxury,75.0,ml,Retinyl Palmitate,"['Butylene Glycol', 'Glycerin', 'C12-15', 'Algae Extract', 'Glycereth-7', 'Di-C12-15 Alkyl Fumarate', 'Panthenol', 'Glyceryl Stearate', 'Peg-100 Stearate', 'Tocopheryl Acetate', 'Orbignya Oleifera Seed Oil', 'Persea Gratissima Oil', 'Dipropylene Glycol', 'Stearyl Alcohol', 'Chamomilla Recutita Flower Oil', 'Avena Sativa Kernel Extract', 'Vitis Vinifera Extract', 'Citrus Limon Juice Extract', 'Glycyrrhiza Glabra Root Extract', 'Symphytum Officinale Extract', 'Arctium Majus Root Extract', 'Zea Mays Oil', 'Anthemis Nobilis Flower Water', 'Beta-Carotene', 'Phospholipid', 'Lactic Acid', 'Allantoin', 'Sclerotium Gum', 'Linoleic Acid', 'Retinyl Palmitate', 'Ascorbyl Palmitate', 'Aminomethyl Propanol', 'Dimethicon', 'Menthoxypropanediol', 'Potassium Cetyl Phosphate', 'Ppg-15 Stearyl Ether', 'Sodium Pca', 'Sorbitan Stearate', 'Propylene Glycol', 'Carbomer', 'Sodium Polyacrylate', 'Ammonium Glycyrrhizate', 'Tetrasodium Edta', 'Phenoxyethanol', 'Chlorphenesin', 'Methylparaben', 'Propylparaben', 'And Annatto (Ci 75120)']"
Apivita,Apivita Express Radiance Face Mask - Pomegranate 2X8Ml,Mask,Greece,5.0,Affordable,16.0,ml,Retinyl Palmitate,"['Glycerin', 'Butylene Glycol', 'Behenyl Alcohol', 'Peg-60 Almond Glycerides', 'Sorbitol', 'Tocopheryl Acetate', 'Panthenol', 'Butyrospermum Parkii', 'Punica Granatum Seed Oil', 'Olea Europaea Fruit Oil', 'Mannitol', 'Cellulose', 'Sodium Hyaluronate', 'Mel', 'Ethylhexyl Glycerin', 'Sodium Acrylates Copolymer', 'Tocopherol', 'Sodium Phytate', 'Helianthus Annuus Seed Oil', 'Sodium Carbomer', 'Phenoxyethanol', 'Phospholipid', 'Helianthus Annuus Seed Oil', 'Castor Oil', 'Caprylyl Glycol', 'Ascorbyl Palmitate', 'Retinyl Palmitate', 'Hydrogenated Polyisobutene', 'Polyglyceryl-10 Stearate', 'Camellia Sinensis Extract', 'Hydroxypropyl Methylcellulose', 'Alcohol', 'Parfum', 'Hexyl Cinnamal', 'Linalool', 'Butylphenyl Methylpropional', 'Benzyl Salicylate', 'Limonene', 'Geraniol', 'Benzyl Alcohol', 'Citronellol', 'Hydroxycitronellal', 'Hydroxyisohexyl 3-Cyclohexene', 'Titanium Dioxide', 'Ci 77491']"
Nip+Fab,Nip+Fab Glycolic Fix Extreme Bubble Mask 23G,Mask,United Kingdom,8.75,Affordable,23.0,g,Retinyl Palmitate,"['Glycerin', 'Cocamidopropyl Betaine', 'Tromethamine', 'Glycolic Acid', 'Dipropylene Glycol', 'Methyl Perfluoroisobutyl Ether', 'Methyl Perfluoroisobutyl Ether', 'Disiloxane', 'Hydroxyethyl Cellulose', 'Decyl Glucoside', 'Allantoin', 'Phenoxyethanol', 'Chlorphenesin', 'Hydroxyacetophenone', 'Caprylyl Glycol', '1,2-Hexanediol', 'Parfum', 'Propanediol', 'Disodium Edta', 'Sodium Hyaluronate', 'Illicium Verum Fruit Extract', 'Retinyl Palmitate', 'Thiamine Hcl', 'Riboflavin', 'Niacin', 'Carnitine Hcl', 'Pantothenic Acid', 'Biotin', 'Folic Acid', 'Ascorbic Acid', 'Tocopherol', 'Linalool']"
Nip+Fab,Nip+Fab Retinol Fix Sheet Mask 10G,Mask,United Kingdom,9.94,Affordable,10.0,g,Retinol,"['Glycerin', 'Butylene Glycol', 'Pentaerythrityl Tetra-Di-T-Butyl Hydroxyhydrocinnamate', '1,2-Hexanediol', 'Hydroxyacetophenone', 'Cetyl Ethylhexanoate', 'Cetearyl Alcohol', 'Betaine', 'Glyceryl Stearate', 'Dimethicon', 'Adenosine', 'C14-22', 'Trehalose', 'Acrylates/C10-30 Alkyl', 'Arganine', 'Dipotassium Glycyrrhizate', 'C12-20', 'Capric Triglyceride', 'Sodium Hyaluronate', 'Parfum', 'Glyceryl Acrylate/Acrylic Acid Copolymer', 'Leontopodium Alpinum Callus Culture Extract', 'Cocos Nucifera Fruit Extract', 'Cocos Nucifera Fruit Extract', 'Polysorbate-20', 'Polycaprolactone', 'Retinol', 'Lecithin', 'Palmitoyl Tripeptide-5', 'Ceramide Np', 'Sodium Magnesium Silicate', 'Phaseolus Radiatus Seed Extract', 'Bht', 'Glucose', 'Avena Sativa Kernel Extract']"
Apivita,Apivita Express Line Reducing Face Mask - Grape 2X8Ml,Mask,Greece,5.0,Affordable,16.0,ml,Retinyl Palmitate,"['Glycerin', 'Hydrogenated Olus Oil', 'Cetearyl Alcohol', 'Dipalmitoyl Hydroxyproline', 'Biosaccharide', 'Olea Europaea Fruit Oil', 'Dicaprylyl Carbonate', 'Vitis Vinifera Extract', 'Caprylyl Glycol', 'Tocopheryl Acetate', 'Cetearyl Glucoside', 'Mannitol', 'Ethylhexyl Glycerin', 'Decyl Glucoside', 'Helianthus Annuus Seed Oil', 'Cellulose', 'Polyglyceryl-10 Stearate', 'Phospholipid', 'Cetyl Palmitate', 'Sorbitan Olivate', 'Sorbitan Palmitate', 'Allantoin', 'Bisabolol', 'Tocopherol', 'Disodium Edta', 'Camellia Sinensis Extract', 'Sodium Hyaluronate', 'Retinyl Palmitate', 'Ubiquinone', 'Sodium Acrylates Copolymer', 'Hydrogenated Polyisobutene', 'Phenoxyethanol', 'Panthenol', 'Xanthan Gum', 'Rosa Damascena', 'Pogostemon Cablin Flower Extract', 'Parfum', 'Geraniol', 'Hydroxycitronellal', 'Linalool', 'Hexyl Cinnamal', 'Limonene', 'Alpha-Isomethyl Ionone', 'Citronellol', 'Benzyl Salicylate', 'Hydroxypropyl Methylcellulose', 'Ci 77491', 'Ci 77492', 'Titanium Dioxide']"
Peter Thomas Roth,Peter Thomas Roth Pumpkin Enzyme Mask 150Ml,Mask,United States,62.5,Luxury,150.0,ml,Retinyl Palmitate,"['Cucurbita Pepo Seed Oil', 'Aluminum Oxide', 'Glycerin', 'Triethanolamine', 'Cucurbita Pepo Seed Oil', 'Ascorbic Acid', 'Tocopherol', 'Retinyl Palmitate', 'Sodium Hyaluronate', 'Leuconostoc/Radish Root Ferment Filtrate', 'Edta', 'Edetate Disodium', 'Dihydrate', 'Usp', 'Methyl Eugenol', 'Carbomer', 'Potassium Sorbate', 'Sodium Benzoate', 'Chlorphenesin', 'Phenoxyethanol']"
Shiseido,Shiseido Benefiance Pure Retinol Express Smoothing Eye Mask X 12 Sachets,Mask,Japan,77.5,Luxury,0.0,0,Retinol,"['Butylene Glycol', 'Pentaerythrityl Tetra-Di-T-Butyl Hydroxyhydrocinnamate', 'Diphenylsiloxy Phenyl Trimethicone', 'Glycerin', 'Dipropylene Glycol', 'Castor Oil', 'Tocopheryl Acetate', 'Phenoxyethanol', 'Alcohol', 'Carbomer', 'Sodium Citrate', 'Parfum', 'Bht', 'Squalene', 'Xanthan Gum', 'Potassium Hydroxide', 'Retinol', 'Polysorbate-20', 'Citric Acid', 'Trisodium Edta', 'Magnesium Ascorbyl Phosphate', 'Butylphenyl Methylpropional', 'Sapindus Mukurossi Fruit Extract', 'Limonene', 'Linalool', 'Uncaria Gambir Extract (Uncaria Gambir)', 'Citronellol', 'Alpha-Isomethyl Ionone', 'Paeonia Suffruticosa Extract', 'Geraniol', 'Benzyl Benzoate', 'Sodium Acetylated Hyaluronate', 'Hydroxyproline', 'Chlorella Vulgaris Extract', 'Ci 75130']"
Elizabeth Arden,Elizabeth Arden Visible Difference Peel & Reveal Revitalizing Mask (50Ml),Peel,United States,32.5,Affordable,50.0,ml,Retinyl Linoleate,"['Alcohol Denat', 'Propylene Glycol', 'Citrus Limon Juice Extract', 'Cucumis Sativus Extract', 'Daucus Carota Sativa Extract', 'Ginkgo Biloba Extract', 'Hamamelis Virginiana', 'Hamamelis Virginiana', 'Rosmarinus Officinalis Extract', 'Ascorbic Acid', 'Retinyl Linoleate', 'Tocopheryl Acetate', 'Glycyrrhetinic Acid', 'Tridecyl Salicylate', 'Peg-40 Stearate', 'Ppg-5-Ceteth-20', 'Sorbitan Stearate', 'Citric Acid', 'Disodium Edta', 'Silica', 'Dimethicon', 'Parfum', 'Benzyl Alcohol', 'Butylphenyl Methylpropional', 'Hexyl Cinnamal', 'Limonene', 'Linalool', 'Ci 77947']"
Murad,Murad Intensive-C Radiance Peel 50Ml,Peel,United States,68.75,Luxury,50.0,ml,Retinol,"['Cyclomethicone', 'Ascorbic Acid', 'Dimethicon Crosspolymer', 'C12-15', 'Di-C12-15 Alkyl Fumarate', 'Tocopheryl Acetate', 'Retinol', 'Bisabolol', 'Allantoin', 'Lysine Lauroyl Methionate', 'Rice Amino Acids', 'Zinc Aspartate', 'Chitosan Ascorbate', 'Retinyl Palmitate', 'Cyanocobalamin', 'Beta-Carotene', 'Ranunculus Ficaria Extract', 'Glycine', 'Glutamic Acid', 'Capric Triglyceride', 'Olus Oil', 'Limonene', 'Carthamus Tinctorius Extract', 'Citrus Aurantium Dulcis', 'Citrus Nobilis Oil', 'Ocimum Basilicum (Basil) Oil', 'Citrus Grandis', 'Ferula Galbaniflua Resin Oil']"
Murad,Murad Intensive-C Radiance Peel 50Ml,Peel,United States,68.75,Luxury,50.0,ml,Retinyl Palmitate,"['Cyclomethicone', 'Ascorbic Acid', 'Dimethicon Crosspolymer', 'C12-15', 'Di-C12-15 Alkyl Fumarate', 'Tocopheryl Acetate', 'Retinol', 'Bisabolol', 'Allantoin', 'Lysine Lauroyl Methionate', 'Rice Amino Acids', 'Zinc Aspartate', 'Chitosan Ascorbate', 'Retinyl Palmitate', 'Cyanocobalamin', 'Beta-Carotene', 'Ranunculus Ficaria Extract', 'Glycine', 'Glutamic Acid', 'Capric Triglyceride', 'Olus Oil', 'Limonene', 'Carthamus Tinctorius Extract', 'Citrus Aurantium Dulcis', 'Citrus Nobilis Oil', 'Ocimum Basilicum (Basil) Oil', 'Citrus Grandis', 'Ferula Galbaniflua Resin Oil']"
Peter Thomas Roth,Peter Thomas Roth Peptide 21 Amino Acid Exfoliating Peel Pads - 60 Pads,Peel,United States,52.0,Luxury,0.0,0,Retinyl Palmitate,"['Butylene Glycol', 'Sodium Lactate', 'Phytic Acid', 'Ppg-5-Ceteth-20', 'Rosa Centifolia Flower Water', 'Hamamelis Virginiana', 'Salicylic Acid', 'Threonine', 'Glutamic Acid', 'Serine', 'Aspartic Acid', 'Arganine', 'Alanine', 'Proline', 'Valine', 'Histidine', 'Glycine', 'Lysine', 'Chamomilla Recutita Flower Oil', 'Camellia Sinensis Extract', 'Ascorbic Acid', 'Retinyl Palmitate', 'Tocopheryl Acetate', 'Aloe Barbadenis Extract', 'Borago Officinalis Seed Oil', 'Symphytum Officinale Extract', 'Citrus Limon Juice Extract', 'Citrus Aurantifolia Oil', 'Citrus Aurantium Dulcis', 'Citrus Tangerina Extract', 'Mentha Piperita Extract', 'Salvia Officinalis', 'Zingiber Officinale Root Extract', 'Phenoxyethanol', 'Sodium Hydroxide', 'Aminobutyric Acid', 'Potassium Sorbate', 'Sodium Benzoate', 'Capric Triglyceride', 'Dimethicon', 'Leucine', 'Sodium Ascorbyl Phosphate', 'Limonene', 'Benzoic Acid', 'Tyrosine', 'Phenylalanine', 'Isoleucine', 'Citric Acid', 'Octyldodecanol', 'Silica', 'Sodium Propoxyhydroxypropyl Thiosulfate Silica']"
Lancer Skincare,Lancer Skincare Caviar Lime Acid Peel 50Ml,Peel,United States,112.5,Luxury,50.0,ml,Retinol,"['Glycolic Acid', 'Sodium Hydroxide', 'Phytic Acid', 'Glyceryl Stearate', 'Peg-100 Stearate', 'Galactoarabinan', 'Capric Triglyceride', 'Dimethyl Isosorbide', 'Ethoxydiglycol', 'Neopentyl Glycol Diethylhexanoate', 'Stearyl Alcohol', 'Propanediol', 'Polyacrylate Crosspolymer-6', 'Glycerin', 'Maltodextrin', 'Sodium Ascorbate', 'Retinol', 'Oryza Sativa Bran', 'Citrus Grandis', 'Rosmarinus Officinalis Extract', 'Helianthus Annuus Seed Oil', 'Rosmarinus Officinalis Extract', 'Microcitrus Australasica Fruit Extract', 'Citrus Aurantifolia Oil', 'Citrus Aurantium Dulcis', 'Mentha Piperita Extract', 'Eucalyptus Globulus', 'Allantoin', 'Bromelain', 'Papain', 'Tocopherol', 'Dimethicon', 'Polymethylsilsesquioxane', 'Vanillyl Butyl Ether', 'Ethylhexyl Glycerin', 'Hdi/Trimethylol Hexyllactone Crosspolymer', 'Xanthan Gum', 'Disodium Edta', 'Benzyl Alcohol', 'Menthoxypropanediol', 'Limonene', 'Linalool']"
Alpha-H,Alpha-H Beauty Sleep Power Peel 50Ml,Peel,Australia,54.0,Luxury,50.0,ml,Retinol,"['Glycolic Acid', 'Capric Triglyceride', 'Dimethicon', 'Cetearyl Alcohol', 'Glyceryl Stearate', 'Peg-100 Stearate', 'Cyclopentasiloxane', 'Euglena Gracilis Extract', 'Potassium Hydroxide', 'Ceteareth 20', 'Sodium Carrageenan', 'Glycerin', 'Stearic Acid', 'Hydrolyzed Wheat Flour', 'Phenoxyethanol', 'Maltodextrin', 'Simmondsia Chinensis Leaf Extract', 'Dimethicon Crosspolymer', 'Parfum', 'Butyrospermum Parkii', 'Mangifera Indica Extract', 'Prunus Amygdalus Dulcis', 'Retinol', 'Tocopheryl Acetate', 'Vitis Vinifera Extract', 'Panthenol', 'Tanacetum Annuum Flower Oil', 'Gluconolactone', 'Allantoin', 'Disodium Edta', 'Sodium Benzoate', 'Aloe Barbadenis Extract', 'Calcium Pantothenate', 'Xanthan Gum', 'Caprylyl Glycol', 'Proline', 'Serine', 'Sodium Hyaluronate', 'Urea', 'Magnesium Lactate', 'Papain', 'Ethylhexyl Glycerin', 'Calcium Gluconate', 'Alanine', 'Magnesium Chloride', 'Sodium Citrate', 'Limonene', 'Linalool']"
First Aid Beauty,First Aid Beauty Skin Lab Retinol Eye Cream With Triple Hyaluronic Acid 15Ml,Eye Care,United States,42.5,Affordable,15.0,ml,Retinol,"['Capric Triglyceride', 'Polymethyl Methacrylate', 'Glycerin', 'Squalene', 'Glyceryl Stearate', 'Butylene Glycol', 'Vinyl Dimethicon/Methicone Silsesquioxane Crosspolymer', 'Polysorbate-20', 'Glyceryl Stearate Citrate', 'Butyrospermum Parkii', 'Magnesium Ascorbyl Phosphate', 'Retinol', 'Caffeinee', 'Ceramide Ng', 'Palmitoyl Tripeptide-1', 'Tocopherol', 'Allantoin', 'Sodium Hyaluronate', 'Atelocollagen', 'Avena Sativa Kernel Extract', 'Sodium Chondroitin Sulfate', 'Hydroxypropyl Cyclodextrin', 'Aloe Barbadenis Extract', 'Linoleic Acid', 'Phytosteryl Canola Glycerides', 'Palmitic Acid', 'Oleic Acid', 'Stearic Acid', 'Triolein', 'Cholesterol', 'Sodium Acrylates Copolymer', 'Hydrogenated Lecithin', 'Lecithin', 'Sodium Polyacrylate', 'Polysilicone-11', 'Xanthan Gum', 'Caprylyl Glycol', 'Ci 77019', 'Ethylhexyl Glycerin', 'Polyglyceryl-3 Stearate', 'Hydrogenated Poly(C6-12 Olefin)', 'Stearyl Alcohol', 'Cetyl Alcohol', 'Polyethylene', 'Ethylene/Propylene/Styrene Copolymer', 'Butylene/Ethylene/Styrene Copolymer', 'Pentaerythrityl Tetra-Di-T-Butyl Hydroxyhydrocinnamate', 'Steareth-30', 'Dipropylene Glycol', 'Phenoxyethanol', 'Chlorphenesin', 'Ci 77861', 'Citric Acid', 'Titanium Dioxide']"
Medik8,Medik8 Retinol Eye Tr Serum 7Ml,Eye Care,United Kingdom,23.75,Affordable,7.0,ml,Retinol,"['Carthamus Tinctorius Extract', 'Cyclopentasiloxane', 'Cyclohexasiloxane', 'Ppg-12/Smdi Copolymer', 'Tocopheryl Acetate', 'Capric Triglyceride', 'Retinol', 'Lecithin', 'Bht', '']"
La Roche-Posay,La Roche-Posay Redermic [R] Retinol Eye Cream 15Ml,Eye Care,France,33.75,Affordable,15.0,ml,Retinol,"['Isocetyl Stearate', 'Glycerin', 'Octyldodecanol', 'Propylene Glycol', 'Pentylene Glycol', 'Dimethicon', 'Acrylamide/Sodium', 'Cetearyl Alcohol', 'Dimethicon/Vinyl Dimethicon Crosspolymer', 'Caffeine', 'Isohexadecane', 'Sodium Hyaluronate', 'Sodium Hydroxide', 'Retinol', 'Retinyl Linoleate', 'Adenosine', 'Ammonium Polyacryloyldmethyl Taurate', 'Caprylyl Glycol', 'Citric Acid', 'Polysilicone-8', 'Polysorbate 80', 'Phenoxyethanol']"
La Roche-Posay,La Roche-Posay Redermic [R] Retinol Eye Cream 15Ml,Eye Care,France,33.75,Affordable,15.0,ml,Retinyl Linoleate,"['Isocetyl Stearate', 'Glycerin', 'Octyldodecanol', 'Propylene Glycol', 'Pentylene Glycol', 'Dimethicon', 'Acrylamide/Sodium', 'Cetearyl Alcohol', 'Dimethicon/Vinyl Dimethicon Crosspolymer', 'Caffeine', 'Isohexadecane', 'Sodium Hyaluronate', 'Sodium Hydroxide', 'Retinol', 'Retinyl Linoleate', 'Adenosine', 'Ammonium Polyacryloyldmethyl Taurate', 'Caprylyl Glycol', 'Citric Acid', 'Polysilicone-8', 'Polysorbate 80', 'Phenoxyethanol']"
Pixi,Pixi Retinol Eye Cream 25Ml,Eye Care,United Kingdom,27.5,Affordable,25.0,ml,Retinol,"['Persea Gratissima Oil', 'Glycerin', 'Cetearyl Alcohol', 'Potassium Cetyl Phosphate', 'Butyrospermum Parkii', 'Simmondsia Chinensis Leaf Extract', 'Squalene', 'Hydroxyethyl Acrylate/Sodium Acryloyldimethyl Taurate', 'Panthenol', 'Retinol', 'Sambucus Nigra', 'Vaccinium Angustifolium Extract', 'Helianthus Annuus Seed Oil', 'Glycyrrhiza Glabra Root Extract', 'Hydrolyzed Collagen', 'Tocopherol', 'Adenosine', 'Sodium Hyaluronate', 'C12-15', 'Sorbitan Laurate', 'C18-36', 'C18-36', 'Palmitoyl Tripeptide-1', 'Palmitoyl Tetrapeptide-7', 'Caffeinee', 'Xanthan Gum', 'Disodium Edta', 'Polysorbate 60', 'Phenoxyethanol', 'Ethylhexyl Glycerin', 'Laureth-23', 'Bht', 'Bha']"
L'Oréal Paris,L'Oréal Paris Dermo Expertise Revitalift Anti-Wrinkle + Firming Eye Cream (15Ml),Eye Care,France,14.36,Affordable,15.0,ml,Retinyl Palmitate,"['Dimethicon', 'Glycerin', 'Ci12-15 Alkyl Benzoate', 'Shorea Robusta Butter / Shorea Robusta Seed Butter', 'Stearic Acid', 'Palmitic Acid', 'Peg-100 Stearate', 'Glyceryl Stearate', 'Acetyl Trifluoromethylphenyl Valylglycine', 'Acrylamide/Sodium', 'Acrylates Copolymer', 'Caffeinee', 'Cetyl Alcohol', 'Chlorhexidine Digluconate', 'Ethylparaben', 'Faex Extract', 'Glycine Soja Extract', 'Hydrolyzed Soy Protein', 'Isohexadecane', 'Methylparaben', 'Paraffin', 'Peg-20 Stearate', 'Phenyl Ethyl Alcohol', 'Polysorbate 80', 'Potassium Sorbate', 'Retinyl Palmitate', 'Sodium Benzoate', 'Stearyl Alcohol', 'Triethanolamine', 'Phenoxyethanol']"
Murad,Murad Resurgence Renewing Eye Cream (15Ml),Eye Care,United States,81.25,Luxury,15.0,ml,Retinol,"['Butylene Glycol', 'Tricaprylyl Citrate', 'Bis-Diglyceryl Polyacyladipate-2', 'Simmondsia Chinensis Leaf Extract', 'Pentylene Glycol', 'Boron Nitride', 'Capric Triglyceride', 'Cetyl Alcohol', 'Stearic Acid', 'Glyceryl Stearate', 'Peg-100 Stearate', 'Glycerin', 'Glycine Soja Extract', 'Palmitoyl Pentapeptide-4', 'Iris Florentina Root Extract', 'Dioscorea Villosa (Wild Yam) Root Extract', 'Glycine Soja Extract', 'Trifolium Pratense (Clover) Flower Extract', 'Citrus Unshiu Peel Extract', 'Palmitoyl Tetrapeptide-7', 'Retinol', 'Polyquaternium-51', 'Serenoa Serrulata Fruit Extract', 'Oenothera Biennis Flower Extract', 'Borago Officinalis Seed Oil', 'Dipeptide-2', 'Hesperidin Methyl Chalcone', 'Capric Triglyceride', 'Mangifera Indica Extract', 'Dimethicon', 'Sodium Pca', 'Panthenol', 'Cetyl Phosphate', 'Oleyl Alcohol', 'Steareth-20', 'Lecithin', 'Carbomer', 'Polysorbate-20', 'Aminomethyl Propanol', 'Disodium Edta', 'Silica', 'Phenoxyethanol', 'Propylparaben', 'Methylparaben', 'Titanium Dioxide', 'Ci 77491']"
Dermalogica,Dermalogica Multivitamin Power Firm 15Ml,Eye Care,United States,53.44,Luxury,15.0,ml,Retinyl Palmitate,"['Cyclopentasiloxane', 'Bis-Diglyceryl Polyacyladipate-2', 'Dimethicon Crosspolymer', 'Cetyl Ethylhexanoate', 'Polyethylene', 'Tocopheryl Acetate', 'Camellia Sinensis Extract', 'Chamomilla Recutita Flower Oil', 'Corallina Officinalis Extract', 'Carthamus Tinctorius Extract', 'Vitis Vinifera Extract', 'Aroma', 'Ascorbic Acid', 'Glycyrrhetinic Acid', 'Boron Nitride', 'Retinyl Palmitate']"
Dermalogica,Dermalogica Intensive Eye Repair (15Ml),Eye Care,United States,55.69,Luxury,15.0,ml,Retinyl Palmitate,"['Water ', 'Cyclopentasiloxane', 'Butylene Glycol', 'Bis-Diglyceryl Polyacyladipate-2', 'Squalene', 'Persea Gratissima Oil Unsaponifiables', 'Butyrospermum Parkii ', 'Glyceryl Stearate', 'Peg-100 Stearate', 'Cetyl Alcohol', 'Peg-40 Stearate', 'Extracts Of: Rosa Centifolia Flower', 'Centella Asiatica', 'Echinacea Purpurea', 'Vitis Vinifera Seed', 'Camellia Oleifera Leaf', 'Ginkgo Biloba Leaf', 'Dioscorea Villosa Root', 'Cucumis Sativus Fruit', 'Ruscus Aculeatus Root', 'Arnica Montana Flower', 'Lecithin', 'Phospholipid', 'Glycolipids', 'Sodium Pca', 'Sodium Hyaluronate', 'Tocopheryl Acetate', 'Stearic Acid', 'Dea-Cetyl Phosphate', 'Sorbitan Tristearate', 'Dimethicon', 'Dimethiconol', 'Sclerotium Gum', 'Superoxide Dismutase', 'Triethanolamine', 'Panthenol', 'Disodium Edta', 'Phenoxyethanol', 'Retinyl Palmitate', 'Ascorbyl Palmitate', 'Methylparaben', 'Propylparaben']"
Murad,Murad Essential C Eye Cream Spf15 15Ml,Eye Care,United States,75.0,Luxury,15.0,ml,Retinol,"['Butylene Glycol', 'Bis-Diglyceryl Polyacyladipate-2', 'Capric Triglyceride', 'Shorea Stenoptera Butter', 'Peg-100 Stearate', 'Glyceryl Stearate', 'Cetyl Alcohol', 'Silica', 'Stearic Acid', 'Lysine Lauroyl Methionate', 'Rice Amino Acids', 'Zinc Aspartate', 'Chitosan Ascorbate', 'Retinol', 'Glycine Soja Extract', 'Persea Gratissima Oil', 'Cimicifuga Racemosa Root Extract', 'Caffeinee', 'Siloxanetriol Alginate', 'Centella Asiatica Extract', 'Methylsilanol Mannuronate', 'Phytonadione', 'Dimethicon', 'Phospholipid', 'Tocopheryl Acetate', 'Retinyl Palmitate', 'Ascorbyl Palmitate', 'Panthenol', 'Sodium Pca', 'Cetyl Phosphate', 'Carbomer', 'Triethanolamine', 'Disodium Edta', 'Phenoxyethanol', 'Methylparaben', 'Propylparaben', 'Titanium Dioxide', 'Ci 77491']"
Murad,Murad Essential C Eye Cream Spf15 15Ml,Eye Care,United States,75.0,Luxury,15.0,ml,Retinyl Palmitate,"['Butylene Glycol', 'Bis-Diglyceryl Polyacyladipate-2', 'Capric Triglyceride', 'Shorea Stenoptera Butter', 'Peg-100 Stearate', 'Glyceryl Stearate', 'Cetyl Alcohol', 'Silica', 'Stearic Acid', 'Lysine Lauroyl Methionate', 'Rice Amino Acids', 'Zinc Aspartate', 'Chitosan Ascorbate', 'Retinol', 'Glycine Soja Extract', 'Persea Gratissima Oil', 'Cimicifuga Racemosa Root Extract', 'Caffeinee', 'Siloxanetriol Alginate', 'Centella Asiatica Extract', 'Methylsilanol Mannuronate', 'Phytonadione', 'Dimethicon', 'Phospholipid', 'Tocopheryl Acetate', 'Retinyl Palmitate', 'Ascorbyl Palmitate', 'Panthenol', 'Sodium Pca', 'Cetyl Phosphate', 'Carbomer', 'Triethanolamine', 'Disodium Edta', 'Phenoxyethanol', 'Methylparaben', 'Propylparaben', 'Titanium Dioxide', 'Ci 77491']"
Medik8,Medik8 R-Retinoate Day And Night Eye Serum 15Ml,Eye Care,United Kingdom,112.5,Luxury,15.0,ml,Retinyl Retinoate,"['Capric Triglyceride', 'Isododecane', 'Cetearyl Alcohol', '1,2-Hexanediol', 'Glycerin', 'Cetearyl Olivate', 'Sodium Acrylate/Sodium Acryloyldimethyl Taurate Copolymer', 'Polylactic Acid', 'Sorbitan Olivate', 'Squalene', 'Retinyl Retinoate', 'Hydrolyzed Glycosaminoglycans', 'Cholesteryl Nonanoate', 'Glucosyl Hesperidin', 'Caffeinee', 'Sodium Hyaluronate', 'Tetrahexyldecyl Ascorbate', 'Tocopheryl Acetate', 'Caprylhydroxamic Acid', 'Canola Oil', 'Scutellaria Baicalensis Extract', 'Vanilla Planifolia Extract', 'Illicium Verum Fruit Extract', 'Butylene Glycol', 'Theophylline', 'Theobromine', 'Disodium Edta', 'Citric Acid']"
Peter Thomas Roth,Peter Thomas Roth Retinol Eye Care 15Ml,Eye Care,United States,57.5,Luxury,15.0,ml,Retinol,"['Glyceryl Stearate', 'Capric Triglyceride', 'Cetyl Alcohol', 'Propylene Glycol Stearate', 'Cera Alba', 'Caffeinee', 'Retinol', 'Butyrospermum Parkii', 'Persea Gratissima Oil', 'Ascorbic Acid', 'Retinyl Palmitate', 'Tocopheryl Acetate', 'Sodium Hyaluronate', 'Sodium Pca', 'Bht', 'Superoxide Dismutase', 'Squalene', 'Aloe Barbadenis Extract', 'Soluble Collagen', 'Hydrolyzed Elastin', 'Lecithin', 'Allantoin', 'Panthenol', 'Ceramide Np', 'Echinacea Purpurea Extract', 'Algae Extract', 'C13-14 Isoparaffin', 'Foeniculum Vulgare Seed Extract', 'Rosa Canina Flower Oil', 'Viola Tricolor Extract', 'Camellia Sinensis Extract', 'Dimethicon', 'Helianthus Annuus Seed Oil', 'Wheat Amino Acids', 'Potassium Phosphate', 'Leuconostoc/Radish Root Ferment Filtrate', 'Citric Acid', 'Disodium Edta', 'Carbomer', 'Triethanolamine', 'Steapyrium Chloride', 'Polyacrylamide', 'Polysorbate-20', 'Oleic Acid', 'Soy Acid', 'Laureth-7', 'Ascorbyl Methylsilanol Pectinate', 'Edta', 'Methylpropanediol', 'Butylene Glycol', 'Propylene Glycol', 'Potassium Sorbate', 'Sodium Benzoate', 'Pentylene Glycol', 'Alcohol', 'Phenoxyethanol']"
Peter Thomas Roth,Peter Thomas Roth Retinol Eye Care 15Ml,Eye Care,United States,57.5,Luxury,15.0,ml,Retinyl Palmitate,"['Glyceryl Stearate', 'Capric Triglyceride', 'Cetyl Alcohol', 'Propylene Glycol Stearate', 'Cera Alba', 'Caffeinee', 'Retinol', 'Butyrospermum Parkii', 'Persea Gratissima Oil', 'Ascorbic Acid', 'Retinyl Palmitate', 'Tocopheryl Acetate', 'Sodium Hyaluronate', 'Sodium Pca', 'Bht', 'Superoxide Dismutase', 'Squalene', 'Aloe Barbadenis Extract', 'Soluble Collagen', 'Hydrolyzed Elastin', 'Lecithin', 'Allantoin', 'Panthenol', 'Ceramide Np', 'Echinacea Purpurea Extract', 'Algae Extract', 'C13-14 Isoparaffin', 'Foeniculum Vulgare Seed Extract', 'Rosa Canina Flower Oil', 'Viola Tricolor Extract', 'Camellia Sinensis Extract', 'Dimethicon', 'Helianthus Annuus Seed Oil', 'Wheat Amino Acids', 'Potassium Phosphate', 'Leuconostoc/Radish Root Ferment Filtrate', 'Citric Acid', 'Disodium Edta', 'Carbomer', 'Triethanolamine', 'Steapyrium Chloride', 'Polyacrylamide', 'Polysorbate-20', 'Oleic Acid', 'Soy Acid', 'Laureth-7', 'Ascorbyl Methylsilanol Pectinate', 'Edta', 'Methylpropanediol', 'Butylene Glycol', 'Propylene Glycol', 'Potassium Sorbate', 'Sodium Benzoate', 'Pentylene Glycol', 'Alcohol', 'Phenoxyethanol']"
Rapideye,Rapideye Firming Wrinkle Smoother 15Ml,Eye Care,United Kingdom,26.94,Affordable,15.0,ml,Retinol,"['Aloe Barbadenis Extract', 'Glycerin', 'Dimethicon', 'Cyclopentasiloxane', 'Caprylyl', 'Methicone', 'Stearyl Alcohol', 'Butyrospermum Parkii', 'Capric Triglyceride', 'Polysorbate 60', 'Butylene Glycol', 'Helianthus Annuus Seed Oil', 'Sorbitan Stearate', 'Sodium Pca', 'Panthenol', 'Acetyl Tetrapeptide-5', 'Retinol', 'Caffeinee', 'Sodium Hyaluronate', 'Rosmarinus Officinalis Extract', 'Citrus Aurantium Dulcis', 'Polymethyl Methacrylate', 'Silica', 'Allantoin', 'Acrylates/C10-30 Alkyl', 'Disodium Edta', 'Stearic Acid', 'Cetyl Alcohol', 'Tocopheryl Acetate', 'Ethyl Ferulate', 'Polyglyceryl-5 Oleate', 'Disodium Uridine Phosphate', 'Polysorbate-20', 'Sodium Hydroxide', 'Phenoxyethanol', 'Potassium Sorbate', 'Sodium Benzoate', 'Menthyl Lactate']"
First Aid Beauty,First Aid Beauty 5-In-1 Eye Cream (14.1Ml),Eye Care,United States,32.5,Affordable,1.0,ml,Retinyl Palmitate,"['Glycerin', 'Dimethicon', 'C12-15', 'Sodium Polyacrylate', 'Ethylhexyl Palmitate', 'Silica', 'Hydrogenated Lecithin', 'Caprylyl Methicone', 'Sodium Pca', 'Phenoxyethanol', 'Phenyl Methicone', 'Enteromorpha Compressa Extract', 'Hydroxyethyl Acrylate/Sodium Acryloyldimethyl Taurate', 'Retinyl Palmitate', 'Camellia Sinensis Extract', 'Glycyrrhiza Glabra Root Extract', 'Chrysanthemum Parthenium (Feverfew) Extract', 'Polysilicone-11', 'Alpha-Arbutin', 'Sodium Hydroxide', 'Xanthan Gum', 'Caesalpinia Spinosa Extract', 'Sodium Benzoate', 'Potassium Sorbate', 'Glyceryl Polyacrylate', 'Bisabolol', 'Niacinamide', 'Tocopherol']"
Mac,Mac Fast Response Eye Cream 15Ml,Eye Care,United States,27.5,Affordable,15.0,ml,Retinyl Palmitate,"['Dimethicon', 'Isododecane', 'Polysilicone-11', 'Polyethylene', 'Butylene Glycol', 'Cyclopentasiloxane', 'Hexyldecyl Stearate', 'Caffeinee', 'Tocopheryl Acetate', 'Sodium Hyaluronate', 'Retinyl Palmitate', 'Faex Extract', 'Triticum Vulgare Bran Extract', 'Hordeum Vulgare Extract', 'Pyrus Malus Flower Extract', 'Cucumis Sativus Extract', 'Helianthus Annuus Seed Oil', 'Centella Asiatica Extract', 'Saccharomyces Lysate Extract', 'Squalene', 'Methyldihydrojasmonate', 'Phytosphingosine', 'Quaternium-18 Bentonite', 'Propylene Carbonate', 'Polymethyl Methacrylate', 'Cetyl Dimethicon', 'Dimethicon', 'Tetrasodium Edta', 'Sodium Dehydroacetate', 'Phenoxyethanol']"
Oskia,Oskia Renaissance Cleansing Gel (100Ml),Cleanser,United Kingdom,43.75,Affordable,100.0,ml,Retinyl Palmitate,"['Capric Triglyceride', 'Glycerin', 'Cetearyl Olivate', 'Sucrose Laurate', 'Benzyl Alcohol', 'Sorbitan Olivate', 'Sucrose Palmitate', 'Parfum', 'Geraniol', 'Dimethyl Sulfone', 'Citronellol', 'Dehydroacetic Acid', 'Cucurbita Pepo Seed Oil', 'Borago Officinalis Seed Oil', 'Sucrose Stearate', 'Linalool', 'Retinyl Palmitate', 'Ci 77491', 'Simmondsia Chinensis Leaf Extract', 'Tocopherol', 'Ascorbyl Palmitate']"
Murad,Murad Time Release Blemish Cleanser 200Ml,Cleanser,United States,37.5,Affordable,200.0,ml,Retinol,"['Disodium Cocoamphodiacetate', 'Glycerin', 'Cetyl Alcohol', 'Cocamidopropyl Betaine', 'Cetearyl Alcohol', 'Sodium Cocoyl Isethionate', 'Peg-100 Stearate', 'Glyceryl Stearate', 'Butylene Glycol', 'Sodium Hyaluronate', 'Tocopheryl Acetate', 'Capric Triglyceride', 'Retinol', 'Salix Alba Extract', 'Ascorbic Acid', 'Chitosan', 'Silver Citrate', 'Sodium Pca', 'Betaine', 'Sorbitol', 'Glycine', 'Alanine', 'Proline', 'Serine', 'Threonine', 'Arganine', 'Lysine', 'Glutamic Acid', 'Zinc Gluconate', 'Argania Spinosa Extract', 'Serenoa Serrulata Fruit Extract', 'Sesamium Indicum Seed Oil', 'Cimicifuga Racemosa Root Extract', 'Melaleuca Alternifolia Leaf Extract', 'Cocamidopropyl Dimethylamine', 'Zea Mays Starch', 'Hydrolyzed Corn Starch', 'Hydrolyzed Corn Starch', 'Citric Acid', 'Disodium Edta', 'Propyl Gallate', 'Polysorbate 80', 'Menthol', 'Cetearyl Glucoside', 'Glycol Distearate', 'Steareth-4', 'Peg-150 Distearate', 'Hydroxyethyl Cellulose', 'Polyacrylate-13', 'Polyisobutene', 'Polysorbate-20', 'Trisodium Ethylenediamine Disuccinate', 'Phenoxyethanol', 'Caprylyl Glycol', 'Chlorphenesin', 'Parfum']"
Pixi,Pixi Retinol Tonic 100Ml,Toner,United Kingdom,12.5,Affordable,100.0,ml,Retinol,"['Glycerin', 'Propanediol', 'Methyl Gluceth-20', 'Peg-8', 'Panthenol', 'Magnesium Ascorbyl Phosphate', 'Sodium Hyaluronate', 'Lecithin', 'Oenothera Biennis Flower Extract', 'Hibiscus Rosa-Sinensis Flower Extract', 'Sodium Acrylates Copolymer', 'Palmitoyl Tripeptide-27', 'Hydroxypropyl Cyclodextrin', 'Retinol', 'Phenoxyethanol', 'Capric Triglyceride', 'Jasminum Officinale Extract', 'Lavandula Angustifolia', 'Eugenia', 'Vitis Vinifera Extract', 'Sodium Citrate', 'Castor Oil', 'Disodium Edta', 'Citric Acid', 'Polysorbate-20', 'Ethylhexyl Glycerin']"
Pixi,Pixi Retinol Tonic 250Ml,Toner,United Kingdom,22.5,Affordable,250.0,ml,Retinol,"['Glycerin', 'Propanediol', 'Methyl Gluceth-20', 'Peg-8', 'Panthenol', 'Magnesium Ascorbyl Phosphate', 'Sodium Hyaluronate', 'Lecithin', 'Oenothera Biennis Flower Extract', 'Hibiscus Rosa-Sinensis Flower Extract', 'Sodium Acrylates Copolymer', 'Palmitoyl Tripeptide-27', 'Hydroxypropyl Cyclodextrin', 'Retinol', 'Phenoxyethanol', 'Capric Triglyceride', 'Jasminum Officinale Extract', 'Lavandula Angustifolia', 'Eugenia', 'Vitis Vinifera Extract', 'Sodium Citrate', 'Castor Oil', 'Disodium Edta', 'Citric Acid', 'Polysorbate-20', 'Ethylhexyl Glycerin']"
Nip+Fab,Nip+Fab Retinol Fix Tonic Extreme 100Ml,Toner,United Kingdom,31.19,Affordable,100.0,ml,Retinyl Palmitate,"['Glycerin', 'Castor Oil', 'Butylene Glycol', 'Phenoxyethanol', 'Bisabolol', 'Benzyl Alcohol', 'Retinyl Palmitate', 'Parfum', 'Disodium Edta', 'Panthenol', 'Ethylhexyl Glycerin', '1-Methylhydantoin-2-Imide', 'Sodium Hydroxide', 'Dehydroacetic Acid', 'Carbomer', 'Sodium Lactate', 'Benzyl Salicylate', 'Polysorbate-20', 'Hexyl Cinnamal', 'Tocopherol', 'Linalool', 'Palmitoyl Tripeptide-1', 'Palmitoyl Tetrapeptide-7']"
Filorga,Filorga Scrub And Mask 55Ml,Exfoliator,France,55.0,Luxury,55.0,ml,Retinyl Acetate,"['Perfluorohexane', 'Propanediol', 'Protease', 'Perlite', 'Sodium Polyacrylate', 'Polysorbate-20', 'Perfluorodecalin', 'Polyacrylate-13', 'Butylene Glycol', 'Decyl Glucoside', 'Benzyl Alcohol', 'Pentafluoropropane', 'Polyisobutene', 'Parfum', 'Polyacrylate Crosspolymer-6', 'Chlorphenesin', 'Sucrose Palmitate', 'Citric Acid', 'Titanium Dioxide', 'Disodium Edta', 'Sorbitan Isostearate', 'Glyceryl Linoleate', 'Prunus Amygdalus Dulcis', 'Sodium Chloride', '1,2-Hexanediol', 'Caprylyl Glycol', 'T-Butyl Alcohol', 'Glucose', 'Phenoxyethanol', 'Sodium Hyaluronate', 'Potassium Chloride', 'Potassium Sorbate', 'Calcium Chloride', 'Magnesium Sulfate', 'Glutamine', 'Sodium Phosphate', 'Ascorbic Acid', 'Sodium Acetate', 'Tocopherol', 'Lysine Hcl', 'Arganine', 'Alanine', 'Histidine', 'Valine', 'Leucine', 'Threonine', 'Isoleucine', 'Tryptophan', 'Phenylalanine', 'Tyrosine', 'Glycine', 'Polysorbate 80', 'Serine', 'Deoxyadenosine', 'Cysteine', 'Asparagine', 'Aspartic Acid', 'Glutathione', 'Cyanocobalamin', 'Deoxycytidine', 'Deoxyguanosine', 'Deoxythymidine', 'Ornithine', 'Glutamic Acid', 'Nicotinamide Adenine Dinucleotide', 'Proline', 'Aminobutyric Acid', 'Methionine', 'Taurine', 'Hydroxyproline', 'Glucosamine', 'Coenzyme A', 'Glucuronolactone', 'Sodium Glucuronate', 'Sodium Uridine Triphosphate', 'Thiamine Diphosphate', 'Inositol', 'Deoxycytidine', 'Retinyl Acetate', 'Disodium Flavine Adenine Dinucleotide', 'Niacin', 'Niacinamide', 'Pyridoxal 5-Phosphate', 'Pyridoxine Hcl', 'Biotin', 'Calcium Pantothenate', 'Folic Acid', 'Riboflavin', 'Tocopheryl Phosphate']"
Laura Mercier,Laura Mercier Crème Brûlée Crème Body Wash 200Ml,Body Wash,United States,41.25,Affordable,200.0,ml,Retinyl Palmitate,"['Sodium Laureth Sulfate', 'Tea-Lauryl Sulfate', 'Parfum', 'Cocamide Mea', 'Macadamia Ternifolia Seed Oil', 'Cocamidopropyl Betaine', 'Decyl Glucoside', 'Isostearyl Ethylimidazolinium Ethosulfate', 'Sodium Lauroyl', 'Polyquaternium-7', 'Glycerin', 'Guar Hydroxypropultrimonium Chloride', 'Macadamia Ternifolia Seed Oil', 'Butyrospermum Parkii', 'Glycol Distearate', 'Mel', 'Vanilla Planifolia Extract', 'Cinnamomum Cassia Oil', 'Coffea Arabica Seed Extract', 'Theobroma Cacao Extract', 'Myristica Fragrans Extract', 'Panthenol', 'Retinyl Palmitate', 'Tocopherol', 'Linolenic Acid', 'Linolenic Acid', 'Aloe Barbadenis Extract', 'Hydrolyzed Oat Protein', 'Hydrolyzed Silk', 'Prunus Amygdalus Dulcis', 'Peg-60 Almond Glycerides', 'Sodium Pca', 'Octyldodecanol', 'Arachidyl Propionate', 'Lecithin', 'Benzophenone-4', 'Citric Acid', 'Trisodium Edta', 'Phenoxyethanol', 'Methylparaben', 'Propylparaben', 'Ci 19140', 'Ci 17200']"
